id,title,patron,quantity,cost,dateOrdered,status
1,Virginia Iris,Andreana Pascall,15,3986,11/26/2022,DELIVERED
2,Walker's Manihot,Tracy Bursnell,20,5615,9/4/2022,NOT_DELIVERED
3,Sea Lavender,Karrie Rembrant,12,9883,10/14/2022,NOT_DELIVERED
4,Boronia,Torin Karppi,3,4428,11/6/2022,DELIVERED
5,Richardson's Phlox,Devonna Rubinek,12,3112,3/9/2022,NOT_DELIVERED
6,Lespedeza,Joshua Lapree,8,8426,5/13/2022,NOT_DELIVERED
7,Silver Tussock,Prissie Grimolbie,7,5621,8/19/2022,DELIVERED
8,Woolly Globemallow,Antonina Laviste,14,6023,2/8/2022,DELIVERED
9,Coppery Mesemb,Andrew Livingstone,15,5169,5/27/2022,NOT_DELIVERED
10,Stilling's Disc Lichen,Carlin Corss,9,5968,11/28/2022,NOT_DELIVERED
11,Canadian Horseweed,Arluene Cockshott,1,5041,10/10/2022,DELIVERED
12,Florida Sands St. Johnswort,Janelle Lehr,9,3344,8/16/2022,DELIVERED
13,Starveling Milkvetch,Luke Considine,2,2021,10/4/2022,DELIVERED
14,Whitebristle Cottongrass,Sheffield Aliberti,15,3318,9/27/2022,DELIVERED
15,Cushenbury Milkvetch,Cynthy Gribben,14,8198,12/20/2021,DELIVERED
16,Southwestern White Pine Dwarf Mistletoe,Meryl Yakebovich,5,3043,10/21/2022,DELIVERED
17,Palouse Milkvetch,Amie Rapps,20,8540,4/9/2022,DELIVERED
18,Dotted Lichen,Rora Noore,12,4499,12/27/2021,NOT_DELIVERED
19,Doghobble,Natala Gandar,5,1596,10/20/2022,NOT_DELIVERED
20,Clark Valley Larkspur,Wakefield Eastwood,18,9078,7/20/2022,NOT_DELIVERED
21,Stegonia Moss,Cleon Dabbes,16,5765,2/2/2022,DELIVERED
22,Plains Dozedaisy,Clotilda Muskett,6,9156,2/18/2022,NOT_DELIVERED
23,Giant Granadilla,Merle Bescoby,5,1926,6/5/2022,DELIVERED
24,San Joaquin Adobe Sunburst,Olvan Jurges,18,6675,7/20/2022,DELIVERED
25,Alpine Arctic Cudweed,Kaylee Cutforth,14,6764,1/20/2022,NOT_DELIVERED
26,Marcus' Beardtongue,Clair Piscotti,13,2018,6/10/2022,DELIVERED
27,Rim Lichen,Rubi Dyet,1,4514,4/17/2022,NOT_DELIVERED
28,Medinilla,Sibylla Gosse,2,1884,11/21/2022,DELIVERED
29,Annual Townsend Daisy,Ofelia Frearson,16,4787,9/1/2022,DELIVERED
30,Standing Milkvetch,Christopher Fritter,19,6503,12/26/2021,DELIVERED
31,Silver Bird's-foot Trefoil,Kathie Dubery,5,1780,2/16/2022,NOT_DELIVERED
32,Manyflower Onion,Kally Huddlestone,2,4827,3/9/2022,DELIVERED
33,Gyalectidium Lichen,Corine Nouch,4,1240,9/2/2022,DELIVERED
34,Tobacco,Caren Cooke,15,5818,11/19/2022,NOT_DELIVERED
35,Multibloom Hoarypea,Kimberlyn Kunat,9,2399,6/9/2022,NOT_DELIVERED
36,Meyer's Bamboo,Monika Cottingham,2,9662,5/13/2022,DELIVERED
37,Speckled Clarkia,Jesselyn Ranyard,3,7040,2/27/2022,NOT_DELIVERED
38,Cliff Goldenbush,Tommi Robke,2,1830,12/25/2021,NOT_DELIVERED
39,Pond-lily,Belia Riccardi,3,9110,1/27/2022,DELIVERED
40,King Orchid,Dar Ogger,5,3013,10/17/2022,DELIVERED
41,Parmotrema Lichen,Elliott Spottiswoode,14,8312,3/29/2022,NOT_DELIVERED
42,Darkgreen Sedge,Melania Connar,8,3430,2/10/2022,NOT_DELIVERED
43,Hybrid Ladyslipper,Mabelle Josowitz,19,4082,8/10/2022,DELIVERED
44,Pitaya,Cornelius Piscopello,17,5963,12/29/2021,NOT_DELIVERED
45,Opuhe,Tallie Weepers,3,4949,12/18/2021,DELIVERED
46,Heckner's Lewisia,Leilah Chetwin,5,8110,5/23/2022,DELIVERED
47,Smith's Buckthorn,Shelli Olifaunt,19,6698,8/1/2022,NOT_DELIVERED
48,Olokele Valley Melicope,Roy Wyvill,16,6941,10/30/2022,NOT_DELIVERED
49,Whiteflower Beach Morning-glory,Fleming Meadowcraft,6,7541,3/5/2022,NOT_DELIVERED
50,Jelly Lichen,Dilly Curran,6,9932,12/31/2021,NOT_DELIVERED
51,Hobsonia Lichen,Artair Cordier,14,3580,1/17/2022,NOT_DELIVERED
52,Klamath Iris,Darwin Skittrall,17,5735,8/20/2022,DELIVERED
53,Trumpet Gooseberry,Erda Davy,17,5189,8/12/2022,DELIVERED
54,Woodland Muhly,Win Prosch,17,1637,2/2/2022,DELIVERED
55,Yellowseed False Pimpernel,Celina Volks,12,8103,2/8/2022,NOT_DELIVERED
56,Rush,Georgie Thombleson,3,5700,2/10/2022,DELIVERED
57,Tuolumne Eryngo,Binky Houlaghan,1,7425,8/28/2022,NOT_DELIVERED
58,Jones' Nailwort,Curt MacLachlan,15,8490,4/9/2022,DELIVERED
59,Brushy Mountain St. Johnswort,Andra Vuitton,14,1618,7/12/2022,NOT_DELIVERED
60,Wahlenberg's Pohlia Moss,Bondie Hobbing,7,3292,1/10/2022,NOT_DELIVERED
61,Prairie Pleatleaf,Hallsy Dallison,9,2377,10/27/2022,DELIVERED
62,Himalayan Honeysuckle,Garfield Qualtro,3,8417,8/30/2022,DELIVERED
63,Hawkweed Buckwheat,Dorelle Stonner,19,2393,7/30/2022,NOT_DELIVERED
64,Bran Lichen,Alexina Groger,9,6372,5/30/2022,NOT_DELIVERED
65,Meadowfoam,Annis Benedick,11,6746,8/23/2022,DELIVERED
66,Plume Albizia,Agata Papaminas,13,5690,3/21/2022,NOT_DELIVERED
67,Adobe Navarretia,Dela Dory,15,3412,2/25/2022,DELIVERED
68,Quiebrahacha,Penelope Tarry,20,8296,11/17/2022,DELIVERED
69,Swamp Justiceweed,Roanne Tejada,13,7482,4/27/2022,NOT_DELIVERED
70,Toadflax,Innis Robinet,14,1142,10/5/2022,NOT_DELIVERED
71,Douglas' Golden Violet,Ilise Plom,12,4679,4/17/2022,DELIVERED
72,Royal Rein Orchid,Aggy Bell,15,4763,4/13/2022,DELIVERED
73,Spleenwort,Nonnah Tomei,16,1455,11/7/2022,NOT_DELIVERED
74,Oregon Checkerbloom,Shepherd Balaison,20,6983,1/1/2022,NOT_DELIVERED
75,Hoary Bowlesia,Brigida Connor,16,6198,12/1/2022,DELIVERED
76,Arrasa Con Todo,Blakeley By,6,2292,5/24/2022,DELIVERED
77,Pride-of-rochester,Samaria Jeschner,9,7549,7/3/2022,NOT_DELIVERED
78,Dot Lichen,Giselbert Newcome,4,6483,3/30/2022,DELIVERED
79,Knieskern's Beaksedge,Man Kummerlowe,1,2095,6/7/2022,DELIVERED
80,Lava Hau Kuahiwi,Lynette Dudenie,3,1661,6/6/2022,NOT_DELIVERED
81,Snow Lichen,Egan Broz,6,1862,1/6/2022,DELIVERED
82,Ruscus-leaf Bamboo,Debera Rable,14,9027,2/7/2022,NOT_DELIVERED
83,Helonias,Lorilyn Giffard,14,8680,4/11/2022,DELIVERED
84,Aralia,Glen Linton,13,4090,3/21/2022,DELIVERED
85,Spike Lichen,Kermit Burnel,8,2100,7/19/2022,NOT_DELIVERED
86,Fitzgerald's Sphagnum,Warren Carney,8,5097,8/23/2022,DELIVERED
87,Fineleaf Hymenopappus,Ara Dudson,13,3390,11/7/2022,DELIVERED
88,Yellow Rabbitbrush,Jillie Hazelgrove,7,8780,7/23/2022,DELIVERED
89,Primrose-willow,Joye Di Pietro,9,1312,10/10/2022,DELIVERED
90,Gongolin,Katey Sturton,11,5031,11/12/2022,NOT_DELIVERED
91,Callahan's Mariposa Lily,Efren Copp,4,8721,7/31/2022,DELIVERED
92,Northern Cluster Sedge,Nan Fossett,8,2563,2/15/2022,DELIVERED
93,Nodding Madia,Dana Lucio,1,1759,7/19/2022,DELIVERED
94,Desertbells,Huntlee Fatharly,1,4659,11/5/2022,DELIVERED
95,Squirting Cucumber,Claudell Bing,17,2827,11/10/2022,NOT_DELIVERED
96,Hydrocotyle,Inge Truggian,16,7137,11/26/2022,NOT_DELIVERED
97,Peirson's Lessingia,Marcelia Slator,11,4943,6/7/2022,DELIVERED
98,Hawai'ian Cotton,Seumas Bosket,15,9285,2/22/2022,NOT_DELIVERED
99,Smartweed Dodder,Rosemary Jullian,2,7539,9/23/2022,NOT_DELIVERED
100,Whitestem Pondweed,Maddi Spere,14,9236,1/7/2022,DELIVERED
